{"cameraMode":{"drawMode":0,"name":"Shaded","section":"Shading Mode"},"sceneLighting":false,"audioPlay":false,"sceneViewState":{"m_AlwaysRefresh":false,"showFog":true,"showSkybox":false,"showFlares":true,"showImageEffects":true,"showParticleSystems":true,"showVisualEffectGraphs":true,"m_FxEnabled":true},"in2DMode":false,"pivot":{"x":-0.15854203701019288,"y":0.5309535264968872,"z":-0.20121359825134278},"rotation":{"x":0.07816947996616364,"y":-0.9212830066680908,"z":0.28651556372642519,"w":0.2514050602912903},"size":1.3086880445480347,"orthographic":false}