{"cameraMode":{"drawMode":0,"name":"Shaded","section":"Shading Mode"},"sceneLighting":true,"audioPlay":false,"sceneViewState":{"m_AlwaysRefresh":false,"showFog":true,"showSkybox":true,"showFlares":true,"showImageEffects":true,"showParticleSystems":true,"showVisualEffectGraphs":true,"m_FxEnabled":true},"in2DMode":false,"pivot":{"x":0.050694942474365237,"y":-0.4989503026008606,"z":0.29292261600494387},"rotation":{"x":0.08137349784374237,"y":-0.8073613047599793,"z":0.11460362374782562,"w":0.5732144713401794},"size":6.2591071128845219,"orthographic":false}