{"cameraMode":{"drawMode":0,"name":"Shaded","section":"Shading Mode"},"sceneLighting":false,"audioPlay":false,"sceneViewState":{"m_AlwaysRefresh":false,"showFog":true,"showSkybox":false,"showFlares":true,"showImageEffects":true,"showParticleSystems":true,"showVisualEffectGraphs":true,"m_FxEnabled":true},"in2DMode":false,"pivot":{"x":-0.032501716166734698,"y":-0.06868596374988556,"z":0.2340717315673828},"rotation":{"x":0.22042900323867799,"y":-0.10308266431093216,"z":0.023447224870324136,"w":0.9697438478469849},"size":0.28640422224998476,"orthographic":false}